Date,Cit­ies,City name,Views
2022-07-07,0x9584d94d19d34209:0xdd9670804bfed126,Mar del Plata,0
2022-07-08,0x9584d94d19d34209:0xdd9670804bfed126,Mar del Plata,0
2022-07-09,0x9584d94d19d34209:0xdd9670804bfed126,Mar del Plata,0
2022-07-10,0x9584d94d19d34209:0xdd9670804bfed126,Mar del Plata,0
2022-07-11,0x9584d94d19d34209:0xdd9670804bfed126,Mar del Plata,47
2022-07-12,0x9584d94d19d34209:0xdd9670804bfed126,Mar del Plata,25
2022-07-13,0x9584d94d19d34209:0xdd9670804bfed126,Mar del Plata,0
2022-07-14,0x9584d94d19d34209:0xdd9670804bfed126,Mar del Plata,40
2022-07-15,0x9584d94d19d34209:0xdd9670804bfed126,Mar del Plata,38
2022-07-16,0x9584d94d19d34209:0xdd9670804bfed126,Mar del Plata,34
2022-07-17,0x9584d94d19d34209:0xdd9670804bfed126,Mar del Plata,64
2022-07-18,0x9584d94d19d34209:0xdd9670804bfed126,Mar del Plata,0
2022-07-19,0x9584d94d19d34209:0xdd9670804bfed126,Mar del Plata,0
2022-07-20,0x9584d94d19d34209:0xdd9670804bfed126,Mar del Plata,13
2022-07-21,0x9584d94d19d34209:0xdd9670804bfed126,Mar del Plata,24
2022-07-22,0x9584d94d19d34209:0xdd9670804bfed126,Mar del Plata,10
2022-07-23,0x9584d94d19d34209:0xdd9670804bfed126,Mar del Plata,0
2022-07-24,0x9584d94d19d34209:0xdd9670804bfed126,Mar del Plata,0
2022-07-25,0x9584d94d19d34209:0xdd9670804bfed126,Mar del Plata,0
2022-07-26,0x9584d94d19d34209:0xdd9670804bfed126,Mar del Plata,0
2022-07-27,0x9584d94d19d34209:0xdd9670804bfed126,Mar del Plata,0
2022-07-28,0x9584d94d19d34209:0xdd9670804bfed126,Mar del Plata,0
2022-07-29,0x9584d94d19d34209:0xdd9670804bfed126,Mar del Plata,0
2022-07-30,0x9584d94d19d34209:0xdd9670804bfed126,Mar del Plata,0
2022-07-31,0x9584d94d19d34209:0xdd9670804bfed126,Mar del Plata,0
2022-08-01,0x9584d94d19d34209:0xdd9670804bfed126,Mar del Plata,0
2022-08-02,0x9584d94d19d34209:0xdd9670804bfed126,Mar del Plata,0
2022-08-03,0x9584d94d19d34209:0xdd9670804bfed126,Mar del Plata,29
2022-07-07,0x95bcca3b4ef90cbd:0xa0b3812e88e88e87,Buenos Aires,0
2022-07-08,0x95bcca3b4ef90cbd:0xa0b3812e88e88e87,Buenos Aires,0
2022-07-09,0x95bcca3b4ef90cbd:0xa0b3812e88e88e87,Buenos Aires,0
2022-07-10,0x95bcca3b4ef90cbd:0xa0b3812e88e88e87,Buenos Aires,0
2022-07-11,0x95bcca3b4ef90cbd:0xa0b3812e88e88e87,Buenos Aires,0
2022-07-12,0x95bcca3b4ef90cbd:0xa0b3812e88e88e87,Buenos Aires,0
2022-07-13,0x95bcca3b4ef90cbd:0xa0b3812e88e88e87,Buenos Aires,0
2022-07-14,0x95bcca3b4ef90cbd:0xa0b3812e88e88e87,Buenos Aires,0
2022-07-15,0x95bcca3b4ef90cbd:0xa0b3812e88e88e87,Buenos Aires,0
2022-07-16,0x95bcca3b4ef90cbd:0xa0b3812e88e88e87,Buenos Aires,16
2022-07-17,0x95bcca3b4ef90cbd:0xa0b3812e88e88e87,Buenos Aires,0
2022-07-18,0x95bcca3b4ef90cbd:0xa0b3812e88e88e87,Buenos Aires,0
2022-07-19,0x95bcca3b4ef90cbd:0xa0b3812e88e88e87,Buenos Aires,0
2022-07-20,0x95bcca3b4ef90cbd:0xa0b3812e88e88e87,Buenos Aires,0
2022-07-21,0x95bcca3b4ef90cbd:0xa0b3812e88e88e87,Buenos Aires,0
2022-07-22,0x95bcca3b4ef90cbd:0xa0b3812e88e88e87,Buenos Aires,0
2022-07-23,0x95bcca3b4ef90cbd:0xa0b3812e88e88e87,Buenos Aires,0
2022-07-24,0x95bcca3b4ef90cbd:0xa0b3812e88e88e87,Buenos Aires,0
2022-07-25,0x95bcca3b4ef90cbd:0xa0b3812e88e88e87,Buenos Aires,0
2022-07-26,0x95bcca3b4ef90cbd:0xa0b3812e88e88e87,Buenos Aires,0
2022-07-27,0x95bcca3b4ef90cbd:0xa0b3812e88e88e87,Buenos Aires,0
2022-07-28,0x95bcca3b4ef90cbd:0xa0b3812e88e88e87,Buenos Aires,0
2022-07-29,0x95bcca3b4ef90cbd:0xa0b3812e88e88e87,Buenos Aires,0
2022-07-30,0x95bcca3b4ef90cbd:0xa0b3812e88e88e87,Buenos Aires,0
2022-07-31,0x95bcca3b4ef90cbd:0xa0b3812e88e88e87,Buenos Aires,0
2022-08-01,0x95bcca3b4ef90cbd:0xa0b3812e88e88e87,Buenos Aires,0
2022-08-02,0x95bcca3b4ef90cbd:0xa0b3812e88e88e87,Buenos Aires,0
2022-08-03,0x95bcca3b4ef90cbd:0xa0b3812e88e88e87,Buenos Aires,0
